[
  {
    "name": "extensions%2F-Microboy-%2FgeminiExtension.js",
    "type": "file",
    "path": "extensions/NoCreatorAttached/TurboWarp/DeclinedPRS/PR_1418/extensions%2F-Microboy-%2FgeminiExtension.js"
  },
  {
    "name": "images%2F-Microboy-%2FgeminiExtension.svg",
    "type": "file",
    "path": "extensions/NoCreatorAttached/TurboWarp/DeclinedPRS/PR_1418/images%2F-Microboy-%2FgeminiExtension.svg"
  },
  {
    "name": "samples%2FChat%20with%20Gemini.sb3",
    "type": "file",
    "path": "extensions/NoCreatorAttached/TurboWarp/DeclinedPRS/PR_1418/samples%2FChat%20with%20Gemini.sb3"
  }
]