[
  {
    "name": "docs%2Fjosueart%2Fanthropic.md",
    "type": "file",
    "path": "extensions/NoCreatorAttached/TurboWarp/DeclinedPRS/PR_1475/docs%2Fjosueart%2Fanthropic.md"
  },
  {
    "name": "extensions%2Fjosueart%2Fanthropic.js",
    "type": "file",
    "path": "extensions/NoCreatorAttached/TurboWarp/DeclinedPRS/PR_1475/extensions%2Fjosueart%2Fanthropic.js"
  },
  {
    "name": "images%2Fjosueart%2Fanthropic.svg",
    "type": "file",
    "path": "extensions/NoCreatorAttached/TurboWarp/DeclinedPRS/PR_1475/images%2Fjosueart%2Fanthropic.svg"
  }
]