[
  {
    "name": "extensions%2FPwLDev%2Fvibration.js",
    "type": "file",
    "path": "extensions/NoCreatorAttached/TurboWarp/DeclinedPRS/PR_1503/extensions%2FPwLDev%2Fvibration.js"
  },
  {
    "name": "extensions%2Fqxsck%2Fbig-number.js",
    "type": "file",
    "path": "extensions/NoCreatorAttached/TurboWarp/DeclinedPRS/PR_1503/extensions%2Fqxsck%2Fbig-number.js"
  },
  {
    "name": "images%2FClay%2FhtmlEncode.svg",
    "type": "file",
    "path": "extensions/NoCreatorAttached/TurboWarp/DeclinedPRS/PR_1503/images%2FClay%2FhtmlEncode.svg"
  },
  {
    "name": "images%2FCST1229%2Fimages.svg",
    "type": "file",
    "path": "extensions/NoCreatorAttached/TurboWarp/DeclinedPRS/PR_1503/images%2FCST1229%2Fimages.svg"
  },
  {
    "name": "images%2FPwLDev%2Fvibration.svg",
    "type": "file",
    "path": "extensions/NoCreatorAttached/TurboWarp/DeclinedPRS/PR_1503/images%2FPwLDev%2Fvibration.svg"
  },
  {
    "name": "images%2Fveggiecan%2Fbrowserfullscreen.svg",
    "type": "file",
    "path": "extensions/NoCreatorAttached/TurboWarp/DeclinedPRS/PR_1503/images%2Fveggiecan%2Fbrowserfullscreen.svg"
  },
  {
    "name": "images%2Fveggiecan%2FLongmanDictionary.svg",
    "type": "file",
    "path": "extensions/NoCreatorAttached/TurboWarp/DeclinedPRS/PR_1503/images%2Fveggiecan%2FLongmanDictionary.svg"
  }
]