[
  {
    "name": "docs%2FSimonShiki%2FscopeVar.md",
    "type": "file",
    "path": "extensions/NoCreatorAttached/TurboWarp/DeclinedPRS/PR_1026/docs%2FSimonShiki%2FscopeVar.md"
  },
  {
    "name": "extensions%2FSimonShiki%2FscopeVar.js",
    "type": "file",
    "path": "extensions/NoCreatorAttached/TurboWarp/DeclinedPRS/PR_1026/extensions%2FSimonShiki%2FscopeVar.js"
  },
  {
    "name": "images%2FSimonShiki%2FscopeVar.png",
    "type": "file",
    "path": "extensions/NoCreatorAttached/TurboWarp/DeclinedPRS/PR_1026/images%2FSimonShiki%2FscopeVar.png"
  }
]