[
  {
    "name": "extensions%2FMistium%2FIframesPlus.js",
    "type": "file",
    "path": "extensions/NoCreatorAttached/TurboWarp/DeclinedPRS/PR_1335/extensions%2FMistium%2FIframesPlus.js"
  },
  {
    "name": "extensions%2FMistium%2FKeyHistory.js",
    "type": "file",
    "path": "extensions/NoCreatorAttached/TurboWarp/DeclinedPRS/PR_1335/extensions%2FMistium%2FKeyHistory.js"
  },
  {
    "name": "extensions%2FMistium%2FTabUtils.js",
    "type": "file",
    "path": "extensions/NoCreatorAttached/TurboWarp/DeclinedPRS/PR_1335/extensions%2FMistium%2FTabUtils.js"
  },
  {
    "name": "images%2FMistium%2FIframePlus.png",
    "type": "file",
    "path": "extensions/NoCreatorAttached/TurboWarp/DeclinedPRS/PR_1335/images%2FMistium%2FIframePlus.png"
  },
  {
    "name": "images%2FMistium%2FKeyHistory.png",
    "type": "file",
    "path": "extensions/NoCreatorAttached/TurboWarp/DeclinedPRS/PR_1335/images%2FMistium%2FKeyHistory.png"
  },
  {
    "name": "images%2FMistium%2Ft",
    "type": "file",
    "path": "extensions/NoCreatorAttached/TurboWarp/DeclinedPRS/PR_1335/images%2FMistium%2Ft"
  },
  {
    "name": "images%2FMistium%2FTabUtils.png",
    "type": "file",
    "path": "extensions/NoCreatorAttached/TurboWarp/DeclinedPRS/PR_1335/images%2FMistium%2FTabUtils.png"
  }
]