[
  {
    "name": "extensions%2FEaielectronic%2FFinger-mutli-mobile.js",
    "type": "file",
    "path": "extensions/NoCreatorAttached/TurboWarp/DeclinedPRS/PR_1746/extensions%2FEaielectronic%2FFinger-mutli-mobile.js"
  },
  {
    "name": "extensions%2FEaielectronic%2FFps-returne.js",
    "type": "file",
    "path": "extensions/NoCreatorAttached/TurboWarp/DeclinedPRS/PR_1746/extensions%2FEaielectronic%2FFps-returne.js"
  },
  {
    "name": "extensions%2FEaielectronic%2FLogin-page.js",
    "type": "file",
    "path": "extensions/NoCreatorAttached/TurboWarp/DeclinedPRS/PR_1746/extensions%2FEaielectronic%2FLogin-page.js"
  },
  {
    "name": "extensions%2FEaielectronic%2FScrollingTextBubble.js",
    "type": "file",
    "path": "extensions/NoCreatorAttached/TurboWarp/DeclinedPRS/PR_1746/extensions%2FEaielectronic%2FScrollingTextBubble.js"
  },
  {
    "name": "images%2FEaielectronic%2FFinger-mutli-mobile.svg",
    "type": "file",
    "path": "extensions/NoCreatorAttached/TurboWarp/DeclinedPRS/PR_1746/images%2FEaielectronic%2FFinger-mutli-mobile.svg"
  },
  {
    "name": "images%2FEaielectronic%2FLogin-page%202.svg",
    "type": "file",
    "path": "extensions/NoCreatorAttached/TurboWarp/DeclinedPRS/PR_1746/images%2FEaielectronic%2FLogin-page%202.svg"
  },
  {
    "name": "images%2FEaielectronic%2FScrollingTextBubble.svg",
    "type": "file",
    "path": "extensions/NoCreatorAttached/TurboWarp/DeclinedPRS/PR_1746/images%2FEaielectronic%2FScrollingTextBubble.svg"
  }
]