[
  {
    "name": "docs%2FStiwen02%2FAdvancedNumericalEncoding.md",
    "type": "file",
    "path": "extensions/NoCreatorAttached/TurboWarp/DeclinedPRS/PR_1159/docs%2FStiwen02%2FAdvancedNumericalEncoding.md"
  },
  {
    "name": "extensions%2FStiwen02%2FAdvancedNumericalEncoding.js",
    "type": "file",
    "path": "extensions/NoCreatorAttached/TurboWarp/DeclinedPRS/PR_1159/extensions%2FStiwen02%2FAdvancedNumericalEncoding.js"
  },
  {
    "name": "images%2FStiwen02%2FAdvancedNumericalEncoding.png",
    "type": "file",
    "path": "extensions/NoCreatorAttached/TurboWarp/DeclinedPRS/PR_1159/images%2FStiwen02%2FAdvancedNumericalEncoding.png"
  },
  {
    "name": "samples%2FAdvancedNumericalEncodingSample.sb3",
    "type": "file",
    "path": "extensions/NoCreatorAttached/TurboWarp/DeclinedPRS/PR_1159/samples%2FAdvancedNumericalEncodingSample.sb3"
  }
]