[
  {
    "name": "docs%2FExperimental26690%2Fformulas.md",
    "type": "file",
    "path": "extensions/NoCreatorAttached/TurboWarp/DeclinedPRS/PR_1515/docs%2FExperimental26690%2Fformulas.md"
  },
  {
    "name": "extensions%2FExperimental26690%2Fformulas.js",
    "type": "file",
    "path": "extensions/NoCreatorAttached/TurboWarp/DeclinedPRS/PR_1515/extensions%2FExperimental26690%2Fformulas.js"
  },
  {
    "name": "images%2FExperimental26690%2Fformulas.svg",
    "type": "file",
    "path": "extensions/NoCreatorAttached/TurboWarp/DeclinedPRS/PR_1515/images%2FExperimental26690%2Fformulas.svg"
  }
]