[
  {
    "name": "docs%2FHammouda101010%2Fmousespeed.md",
    "type": "file",
    "path": "extensions/NoCreatorAttached/TurboWarp/DeclinedPRS/PR_1715/docs%2FHammouda101010%2Fmousespeed.md"
  },
  {
    "name": "extensions%2FHammouda101010%2Fmousespeed.js",
    "type": "file",
    "path": "extensions/NoCreatorAttached/TurboWarp/DeclinedPRS/PR_1715/extensions%2FHammouda101010%2Fmousespeed.js"
  },
  {
    "name": "images%2FHammouda101010%2Fmousespeed.png",
    "type": "file",
    "path": "extensions/NoCreatorAttached/TurboWarp/DeclinedPRS/PR_1715/images%2FHammouda101010%2Fmousespeed.png"
  },
  {
    "name": "website%2Fdesktop.ini",
    "type": "file",
    "path": "extensions/NoCreatorAttached/TurboWarp/DeclinedPRS/PR_1715/website%2Fdesktop.ini"
  },
  {
    "name": "website%2Fsrpelo.mp3",
    "type": "file",
    "path": "extensions/NoCreatorAttached/TurboWarp/DeclinedPRS/PR_1715/website%2Fsrpelo.mp3"
  }
]