[
  {
    "name": "extensions%2FkingKASEtheGREATalt%2Fmeteorology.js",
    "type": "file",
    "path": "extensions/NoCreatorAttached/TurboWarp/DeclinedPRS/PR_1391/extensions%2FkingKASEtheGREATalt%2Fmeteorology.js"
  },
  {
    "name": "extensions%2Fmeteorology.js",
    "type": "file",
    "path": "extensions/NoCreatorAttached/TurboWarp/DeclinedPRS/PR_1391/extensions%2Fmeteorology.js"
  },
  {
    "name": "images%2FkingKASEtheGREATalt%2Fmeteorology.svg",
    "type": "file",
    "path": "extensions/NoCreatorAttached/TurboWarp/DeclinedPRS/PR_1391/images%2FkingKASEtheGREATalt%2Fmeteorology.svg"
  },
  {
    "name": "images%2Fmeteorology.svg",
    "type": "file",
    "path": "extensions/NoCreatorAttached/TurboWarp/DeclinedPRS/PR_1391/images%2Fmeteorology.svg"
  }
]