[
  {
    "name": "better_storage.js",
    "type": "file",
    "path": "extensions/Gen1x/better_storage.js"
  },
  {
    "name": "CATS.js",
    "type": "file",
    "path": "extensions/Gen1x/CATS.js"
  },
  {
    "name": "chess-ext.js",
    "type": "file",
    "path": "extensions/Gen1x/chess-ext.js"
  },
  {
    "name": "mouth_washer.js",
    "type": "file",
    "path": "extensions/Gen1x/mouth_washer.js"
  },
  {
    "name": "random_utils.js",
    "type": "file",
    "path": "extensions/Gen1x/random_utils.js"
  }
]