[
  {
    "name": "PR136_betterMath.js",
    "type": "file",
    "path": "extensions/NoCreatorAttached/PenguinMod/PR136_betterMath.js"
  },
  {
    "name": "PR159_TimeKeeper.js",
    "type": "file",
    "path": "extensions/NoCreatorAttached/PenguinMod/PR159_TimeKeeper.js"
  },
  {
    "name": "PR170_PenguinScript.js",
    "type": "file",
    "path": "extensions/NoCreatorAttached/PenguinMod/PR170_PenguinScript.js"
  },
  {
    "name": "PR172_pureEmoji.js",
    "type": "file",
    "path": "extensions/NoCreatorAttached/PenguinMod/PR172_pureEmoji.js"
  },
  {
    "name": "PR177_underspeech.js",
    "type": "file",
    "path": "extensions/NoCreatorAttached/PenguinMod/PR177_underspeech.js"
  },
  {
    "name": "PR182_Goose.js",
    "type": "file",
    "path": "extensions/NoCreatorAttached/PenguinMod/PR182_Goose.js"
  },
  {
    "name": "PR184_mcdonaldsscenario (1).js",
    "type": "file",
    "path": "extensions/NoCreatorAttached/PenguinMod/PR184_mcdonaldsscenario (1).js"
  },
  {
    "name": "PR192_GPUBlocks.js",
    "type": "file",
    "path": "extensions/NoCreatorAttached/PenguinMod/PR192_GPUBlocks.js"
  },
  {
    "name": "PR205_triggers.js",
    "type": "file",
    "path": "extensions/NoCreatorAttached/PenguinMod/PR205_triggers.js"
  },
  {
    "name": "PR212_Vector2Math.js",
    "type": "file",
    "path": "extensions/NoCreatorAttached/PenguinMod/PR212_Vector2Math.js"
  },
  {
    "name": "PR213_updateFile.js",
    "type": "file",
    "path": "extensions/NoCreatorAttached/PenguinMod/PR213_updateFile.js"
  },
  {
    "name": "PR215_webbuilderv11.js",
    "type": "file",
    "path": "extensions/NoCreatorAttached/PenguinMod/PR215_webbuilderv11.js"
  },
  {
    "name": "PR221_WebCreator.js",
    "type": "file",
    "path": "extensions/NoCreatorAttached/PenguinMod/PR221_WebCreator.js"
  },
  {
    "name": "PR223_CloudPosition.js",
    "type": "file",
    "path": "extensions/NoCreatorAttached/PenguinMod/PR223_CloudPosition.js"
  },
  {
    "name": "PR224_browserInteraction.js",
    "type": "file",
    "path": "extensions/NoCreatorAttached/PenguinMod/PR224_browserInteraction.js"
  },
  {
    "name": "PR228_FaviconUltilities.js",
    "type": "file",
    "path": "extensions/NoCreatorAttached/PenguinMod/PR228_FaviconUltilities.js"
  },
  {
    "name": "PR232_Dragonian Lua.js",
    "type": "file",
    "path": "extensions/NoCreatorAttached/PenguinMod/PR232_Dragonian Lua.js"
  },
  {
    "name": "PR240_mouthwasher.js",
    "type": "file",
    "path": "extensions/NoCreatorAttached/PenguinMod/PR240_mouthwasher.js"
  },
  {
    "name": "PR242_PenguinLlama.js",
    "type": "file",
    "path": "extensions/NoCreatorAttached/PenguinMod/PR242_PenguinLlama.js"
  },
  {
    "name": "PR243_PenguinLlama.js",
    "type": "file",
    "path": "extensions/NoCreatorAttached/PenguinMod/PR243_PenguinLlama.js"
  },
  {
    "name": "PR244_PenguinLlama.js",
    "type": "file",
    "path": "extensions/NoCreatorAttached/PenguinMod/PR244_PenguinLlama.js"
  },
  {
    "name": "PR245_UnitConverter.js",
    "type": "file",
    "path": "extensions/NoCreatorAttached/PenguinMod/PR245_UnitConverter.js"
  },
  {
    "name": "PR248_turbomodz.js",
    "type": "file",
    "path": "extensions/NoCreatorAttached/PenguinMod/PR248_turbomodz.js"
  },
  {
    "name": "PR253_vectors.js",
    "type": "file",
    "path": "extensions/NoCreatorAttached/PenguinMod/PR253_vectors.js"
  },
  {
    "name": "PR256_Integers.js",
    "type": "file",
    "path": "extensions/NoCreatorAttached/PenguinMod/PR256_Integers.js"
  },
  {
    "name": "PR257_Alert Extension.js",
    "type": "file",
    "path": "extensions/NoCreatorAttached/PenguinMod/PR257_Alert Extension.js"
  },
  {
    "name": "PR259_PrimUtilities.js",
    "type": "file",
    "path": "extensions/NoCreatorAttached/PenguinMod/PR259_PrimUtilities.js"
  },
  {
    "name": "PR260_Music to numbers.js",
    "type": "file",
    "path": "extensions/NoCreatorAttached/PenguinMod/PR260_Music to numbers.js"
  },
  {
    "name": "PR261_soup_vectors.js",
    "type": "file",
    "path": "extensions/NoCreatorAttached/PenguinMod/PR261_soup_vectors.js"
  },
  {
    "name": "PR264_Orientation_Detection.js",
    "type": "file",
    "path": "extensions/NoCreatorAttached/PenguinMod/PR264_Orientation_Detection.js"
  },
  {
    "name": "PR270_cloudRTC.js",
    "type": "file",
    "path": "extensions/NoCreatorAttached/PenguinMod/PR270_cloudRTC.js"
  },
  {
    "name": "PR271_TwitchChat.js",
    "type": "file",
    "path": "extensions/NoCreatorAttached/PenguinMod/PR271_TwitchChat.js"
  },
  {
    "name": "PR272_googleAuthExtension.js",
    "type": "file",
    "path": "extensions/NoCreatorAttached/PenguinMod/PR272_googleAuthExtension.js"
  },
  {
    "name": "PR274_Streamer.js",
    "type": "file",
    "path": "extensions/NoCreatorAttached/PenguinMod/PR274_Streamer.js"
  },
  {
    "name": "PR277_tab utils.js",
    "type": "file",
    "path": "extensions/NoCreatorAttached/PenguinMod/PR277_tab utils.js"
  }
]