[
  {
    "name": "docs%2Freesericci%2Fturbowarp-sh.md",
    "type": "file",
    "path": "extensions/NoCreatorAttached/TurboWarp/DeclinedPRS/PR_1396/docs%2Freesericci%2Fturbowarp-sh.md"
  },
  {
    "name": "extensions%2Freesericci%2Fturbowarp-sh.js",
    "type": "file",
    "path": "extensions/NoCreatorAttached/TurboWarp/DeclinedPRS/PR_1396/extensions%2Freesericci%2Fturbowarp-sh.js"
  },
  {
    "name": "images%2Freesericci%2Fturbowarp-sh.svg",
    "type": "file",
    "path": "extensions/NoCreatorAttached/TurboWarp/DeclinedPRS/PR_1396/images%2Freesericci%2Fturbowarp-sh.svg"
  }
]