[
  {
    "name": "docs%2Fzacoons%2FwgpuCompute.md",
    "type": "file",
    "path": "extensions/NoCreatorAttached/TurboWarp/DeclinedPRS/PR_1424/docs%2Fzacoons%2FwgpuCompute.md"
  },
  {
    "name": "extensions%2Fzacoons%2FwgpuCompute.js",
    "type": "file",
    "path": "extensions/NoCreatorAttached/TurboWarp/DeclinedPRS/PR_1424/extensions%2Fzacoons%2FwgpuCompute.js"
  },
  {
    "name": "images%2Fzacoons%2FwgpuCompute.svg",
    "type": "file",
    "path": "extensions/NoCreatorAttached/TurboWarp/DeclinedPRS/PR_1424/images%2Fzacoons%2FwgpuCompute.svg"
  }
]