[
  {
    "name": "extensions%2FShowierData9978%2Fhtml.js",
    "type": "file",
    "path": "extensions/NoCreatorAttached/TurboWarp/DeclinedPRS/PR_1202/extensions%2FShowierData9978%2Fhtml.js"
  },
  {
    "name": "images%2FShowierData9978%2Fhtml.svg",
    "type": "file",
    "path": "extensions/NoCreatorAttached/TurboWarp/DeclinedPRS/PR_1202/images%2FShowierData9978%2Fhtml.svg"
  },
  {
    "name": "images%2FShowierData9978%2Fsource.fig",
    "type": "file",
    "path": "extensions/NoCreatorAttached/TurboWarp/DeclinedPRS/PR_1202/images%2FShowierData9978%2Fsource.fig"
  }
]