[
  {
    "name": "extensions%2F40codeTeam%2FMediaSessApi.js",
    "type": "file",
    "path": "extensions/NoCreatorAttached/TurboWarp/DeclinedPRS/PR_1625/extensions%2F40codeTeam%2FMediaSessApi.js"
  },
  {
    "name": "images%2F40codeTeam%2FMediaSessApi.png",
    "type": "file",
    "path": "extensions/NoCreatorAttached/TurboWarp/DeclinedPRS/PR_1625/images%2F40codeTeam%2FMediaSessApi.png"
  },
  {
    "name": "website%2F10sec_silent_audio.opus",
    "type": "file",
    "path": "extensions/NoCreatorAttached/TurboWarp/DeclinedPRS/PR_1625/website%2F10sec_silent_audio.opus"
  }
]