[
  {
    "name": "docs%2Fliablelua%2FStreamer.md",
    "type": "file",
    "path": "extensions/NoCreatorAttached/TurboWarp/DeclinedPRS/PR_1056/docs%2Fliablelua%2FStreamer.md"
  },
  {
    "name": "extensions%2Fliablelua%2FStreamer.js",
    "type": "file",
    "path": "extensions/NoCreatorAttached/TurboWarp/DeclinedPRS/PR_1056/extensions%2Fliablelua%2FStreamer.js"
  },
  {
    "name": "images%2Fliablelua%2FStreamer.png",
    "type": "file",
    "path": "extensions/NoCreatorAttached/TurboWarp/DeclinedPRS/PR_1056/images%2Fliablelua%2FStreamer.png"
  },
  {
    "name": "images%2Ftwitch.png",
    "type": "file",
    "path": "extensions/NoCreatorAttached/TurboWarp/DeclinedPRS/PR_1056/images%2Ftwitch.png"
  }
]