[
  {
    "name": "docs%2Fh3ldotdll%2Fnotifications.md",
    "type": "file",
    "path": "extensions/NoCreatorAttached/TurboWarp/DeclinedPRS/PR_1523/docs%2Fh3ldotdll%2Fnotifications.md"
  },
  {
    "name": "extensions%2Fh3ldotdll%2Fnotifications.js",
    "type": "file",
    "path": "extensions/NoCreatorAttached/TurboWarp/DeclinedPRS/PR_1523/extensions%2Fh3ldotdll%2Fnotifications.js"
  },
  {
    "name": "images%2Fh3ldotdll%2Fnotifications.svg",
    "type": "file",
    "path": "extensions/NoCreatorAttached/TurboWarp/DeclinedPRS/PR_1523/images%2Fh3ldotdll%2Fnotifications.svg"
  }
]