[
  {
    "name": "docs%2FLily%2FMoreControl.md",
    "type": "file",
    "path": "extensions/NoCreatorAttached/TurboWarp/DeclinedPRS/PR_1176/docs%2FLily%2FMoreControl.md"
  },
  {
    "name": "extensions%2FLily%2FMoreControl.js",
    "type": "file",
    "path": "extensions/NoCreatorAttached/TurboWarp/DeclinedPRS/PR_1176/extensions%2FLily%2FMoreControl.js"
  },
  {
    "name": "images%2FLily%2FMoreControl.svg",
    "type": "file",
    "path": "extensions/NoCreatorAttached/TurboWarp/DeclinedPRS/PR_1176/images%2FLily%2FMoreControl.svg"
  }
]