[
  {
    "name": "extensions%2FXmerOriginals%2Fclosecontrol.js",
    "type": "file",
    "path": "extensions/NoCreatorAttached/TurboWarp/DeclinedPRS/PR_1343/extensions%2FXmerOriginals%2Fclosecontrol.js"
  },
  {
    "name": "images%2FXmerOriginals%2Fclosecontol.svg",
    "type": "file",
    "path": "extensions/NoCreatorAttached/TurboWarp/DeclinedPRS/PR_1343/images%2FXmerOriginals%2Fclosecontol.svg"
  },
  {
    "name": "samples%2FDownload%20files%20From%20URL.sb3",
    "type": "file",
    "path": "extensions/NoCreatorAttached/TurboWarp/DeclinedPRS/PR_1343/samples%2FDownload%20files%20From%20URL.sb3"
  }
]