[
  {
    "name": "docs%2FSharkPool%2FTune-Shark-V3.md",
    "type": "file",
    "path": "extensions/NoCreatorAttached/TurboWarp/DeclinedPRS/PR_1489/docs%2FSharkPool%2FTune-Shark-V3.md"
  },
  {
    "name": "extensions%2FSharkPool%2FTune-Shark-V3.js",
    "type": "file",
    "path": "extensions/NoCreatorAttached/TurboWarp/DeclinedPRS/PR_1489/extensions%2FSharkPool%2FTune-Shark-V3.js"
  },
  {
    "name": "images%2FSharkPool%2FTune-Shark-V3.svg",
    "type": "file",
    "path": "extensions/NoCreatorAttached/TurboWarp/DeclinedPRS/PR_1489/images%2FSharkPool%2FTune-Shark-V3.svg"
  }
]