[
  {
    "name": "PR_1000",
    "type": "dir",
    "path": "extensions/NoCreatorAttached/TurboWarp/DeclinedPRS/PR_1000"
  },
  {
    "name": "PR_1001",
    "type": "dir",
    "path": "extensions/NoCreatorAttached/TurboWarp/DeclinedPRS/PR_1001"
  },
  {
    "name": "PR_1004",
    "type": "dir",
    "path": "extensions/NoCreatorAttached/TurboWarp/DeclinedPRS/PR_1004"
  },
  {
    "name": "PR_1007",
    "type": "dir",
    "path": "extensions/NoCreatorAttached/TurboWarp/DeclinedPRS/PR_1007"
  },
  {
    "name": "PR_1008",
    "type": "dir",
    "path": "extensions/NoCreatorAttached/TurboWarp/DeclinedPRS/PR_1008"
  },
  {
    "name": "PR_1009",
    "type": "dir",
    "path": "extensions/NoCreatorAttached/TurboWarp/DeclinedPRS/PR_1009"
  },
  {
    "name": "PR_1010",
    "type": "dir",
    "path": "extensions/NoCreatorAttached/TurboWarp/DeclinedPRS/PR_1010"
  },
  {
    "name": "PR_1015",
    "type": "dir",
    "path": "extensions/NoCreatorAttached/TurboWarp/DeclinedPRS/PR_1015"
  },
  {
    "name": "PR_1017",
    "type": "dir",
    "path": "extensions/NoCreatorAttached/TurboWarp/DeclinedPRS/PR_1017"
  },
  {
    "name": "PR_1023",
    "type": "dir",
    "path": "extensions/NoCreatorAttached/TurboWarp/DeclinedPRS/PR_1023"
  },
  {
    "name": "PR_1025",
    "type": "dir",
    "path": "extensions/NoCreatorAttached/TurboWarp/DeclinedPRS/PR_1025"
  },
  {
    "name": "PR_1026",
    "type": "dir",
    "path": "extensions/NoCreatorAttached/TurboWarp/DeclinedPRS/PR_1026"
  },
  {
    "name": "PR_1030",
    "type": "dir",
    "path": "extensions/NoCreatorAttached/TurboWarp/DeclinedPRS/PR_1030"
  },
  {
    "name": "PR_1032",
    "type": "dir",
    "path": "extensions/NoCreatorAttached/TurboWarp/DeclinedPRS/PR_1032"
  },
  {
    "name": "PR_1040",
    "type": "dir",
    "path": "extensions/NoCreatorAttached/TurboWarp/DeclinedPRS/PR_1040"
  },
  {
    "name": "PR_1042",
    "type": "dir",
    "path": "extensions/NoCreatorAttached/TurboWarp/DeclinedPRS/PR_1042"
  },
  {
    "name": "PR_1044",
    "type": "dir",
    "path": "extensions/NoCreatorAttached/TurboWarp/DeclinedPRS/PR_1044"
  },
  {
    "name": "PR_1056",
    "type": "dir",
    "path": "extensions/NoCreatorAttached/TurboWarp/DeclinedPRS/PR_1056"
  },
  {
    "name": "PR_1057",
    "type": "dir",
    "path": "extensions/NoCreatorAttached/TurboWarp/DeclinedPRS/PR_1057"
  },
  {
    "name": "PR_1058",
    "type": "dir",
    "path": "extensions/NoCreatorAttached/TurboWarp/DeclinedPRS/PR_1058"
  },
  {
    "name": "PR_1060",
    "type": "dir",
    "path": "extensions/NoCreatorAttached/TurboWarp/DeclinedPRS/PR_1060"
  },
  {
    "name": "PR_1064",
    "type": "dir",
    "path": "extensions/NoCreatorAttached/TurboWarp/DeclinedPRS/PR_1064"
  },
  {
    "name": "PR_1065",
    "type": "dir",
    "path": "extensions/NoCreatorAttached/TurboWarp/DeclinedPRS/PR_1065"
  },
  {
    "name": "PR_1066",
    "type": "dir",
    "path": "extensions/NoCreatorAttached/TurboWarp/DeclinedPRS/PR_1066"
  },
  {
    "name": "PR_1068",
    "type": "dir",
    "path": "extensions/NoCreatorAttached/TurboWarp/DeclinedPRS/PR_1068"
  },
  {
    "name": "PR_1075",
    "type": "dir",
    "path": "extensions/NoCreatorAttached/TurboWarp/DeclinedPRS/PR_1075"
  },
  {
    "name": "PR_1082",
    "type": "dir",
    "path": "extensions/NoCreatorAttached/TurboWarp/DeclinedPRS/PR_1082"
  },
  {
    "name": "PR_1085",
    "type": "dir",
    "path": "extensions/NoCreatorAttached/TurboWarp/DeclinedPRS/PR_1085"
  },
  {
    "name": "PR_1091",
    "type": "dir",
    "path": "extensions/NoCreatorAttached/TurboWarp/DeclinedPRS/PR_1091"
  },
  {
    "name": "PR_1102",
    "type": "dir",
    "path": "extensions/NoCreatorAttached/TurboWarp/DeclinedPRS/PR_1102"
  },
  {
    "name": "PR_1105",
    "type": "dir",
    "path": "extensions/NoCreatorAttached/TurboWarp/DeclinedPRS/PR_1105"
  },
  {
    "name": "PR_1111",
    "type": "dir",
    "path": "extensions/NoCreatorAttached/TurboWarp/DeclinedPRS/PR_1111"
  },
  {
    "name": "PR_1112",
    "type": "dir",
    "path": "extensions/NoCreatorAttached/TurboWarp/DeclinedPRS/PR_1112"
  },
  {
    "name": "PR_1117",
    "type": "dir",
    "path": "extensions/NoCreatorAttached/TurboWarp/DeclinedPRS/PR_1117"
  },
  {
    "name": "PR_112",
    "type": "dir",
    "path": "extensions/NoCreatorAttached/TurboWarp/DeclinedPRS/PR_112"
  },
  {
    "name": "PR_1122",
    "type": "dir",
    "path": "extensions/NoCreatorAttached/TurboWarp/DeclinedPRS/PR_1122"
  },
  {
    "name": "PR_113",
    "type": "dir",
    "path": "extensions/NoCreatorAttached/TurboWarp/DeclinedPRS/PR_113"
  },
  {
    "name": "PR_1131",
    "type": "dir",
    "path": "extensions/NoCreatorAttached/TurboWarp/DeclinedPRS/PR_1131"
  },
  {
    "name": "PR_1138",
    "type": "dir",
    "path": "extensions/NoCreatorAttached/TurboWarp/DeclinedPRS/PR_1138"
  },
  {
    "name": "PR_1143",
    "type": "dir",
    "path": "extensions/NoCreatorAttached/TurboWarp/DeclinedPRS/PR_1143"
  },
  {
    "name": "PR_115",
    "type": "dir",
    "path": "extensions/NoCreatorAttached/TurboWarp/DeclinedPRS/PR_115"
  },
  {
    "name": "PR_1159",
    "type": "dir",
    "path": "extensions/NoCreatorAttached/TurboWarp/DeclinedPRS/PR_1159"
  },
  {
    "name": "PR_1169",
    "type": "dir",
    "path": "extensions/NoCreatorAttached/TurboWarp/DeclinedPRS/PR_1169"
  },
  {
    "name": "PR_1176",
    "type": "dir",
    "path": "extensions/NoCreatorAttached/TurboWarp/DeclinedPRS/PR_1176"
  },
  {
    "name": "PR_1180",
    "type": "dir",
    "path": "extensions/NoCreatorAttached/TurboWarp/DeclinedPRS/PR_1180"
  },
  {
    "name": "PR_1182",
    "type": "dir",
    "path": "extensions/NoCreatorAttached/TurboWarp/DeclinedPRS/PR_1182"
  },
  {
    "name": "PR_1183",
    "type": "dir",
    "path": "extensions/NoCreatorAttached/TurboWarp/DeclinedPRS/PR_1183"
  },
  {
    "name": "PR_1184",
    "type": "dir",
    "path": "extensions/NoCreatorAttached/TurboWarp/DeclinedPRS/PR_1184"
  },
  {
    "name": "PR_1186",
    "type": "dir",
    "path": "extensions/NoCreatorAttached/TurboWarp/DeclinedPRS/PR_1186"
  },
  {
    "name": "PR_1198",
    "type": "dir",
    "path": "extensions/NoCreatorAttached/TurboWarp/DeclinedPRS/PR_1198"
  },
  {
    "name": "PR_1199",
    "type": "dir",
    "path": "extensions/NoCreatorAttached/TurboWarp/DeclinedPRS/PR_1199"
  },
  {
    "name": "PR_12",
    "type": "dir",
    "path": "extensions/NoCreatorAttached/TurboWarp/DeclinedPRS/PR_12"
  },
  {
    "name": "PR_1200",
    "type": "dir",
    "path": "extensions/NoCreatorAttached/TurboWarp/DeclinedPRS/PR_1200"
  },
  {
    "name": "PR_1202",
    "type": "dir",
    "path": "extensions/NoCreatorAttached/TurboWarp/DeclinedPRS/PR_1202"
  },
  {
    "name": "PR_1208",
    "type": "dir",
    "path": "extensions/NoCreatorAttached/TurboWarp/DeclinedPRS/PR_1208"
  },
  {
    "name": "PR_1215",
    "type": "dir",
    "path": "extensions/NoCreatorAttached/TurboWarp/DeclinedPRS/PR_1215"
  },
  {
    "name": "PR_1222",
    "type": "dir",
    "path": "extensions/NoCreatorAttached/TurboWarp/DeclinedPRS/PR_1222"
  },
  {
    "name": "PR_1223",
    "type": "dir",
    "path": "extensions/NoCreatorAttached/TurboWarp/DeclinedPRS/PR_1223"
  },
  {
    "name": "PR_1229",
    "type": "dir",
    "path": "extensions/NoCreatorAttached/TurboWarp/DeclinedPRS/PR_1229"
  },
  {
    "name": "PR_1241",
    "type": "dir",
    "path": "extensions/NoCreatorAttached/TurboWarp/DeclinedPRS/PR_1241"
  },
  {
    "name": "PR_1245",
    "type": "dir",
    "path": "extensions/NoCreatorAttached/TurboWarp/DeclinedPRS/PR_1245"
  },
  {
    "name": "PR_1247",
    "type": "dir",
    "path": "extensions/NoCreatorAttached/TurboWarp/DeclinedPRS/PR_1247"
  },
  {
    "name": "PR_1248",
    "type": "dir",
    "path": "extensions/NoCreatorAttached/TurboWarp/DeclinedPRS/PR_1248"
  },
  {
    "name": "PR_1253",
    "type": "dir",
    "path": "extensions/NoCreatorAttached/TurboWarp/DeclinedPRS/PR_1253"
  },
  {
    "name": "PR_1254",
    "type": "dir",
    "path": "extensions/NoCreatorAttached/TurboWarp/DeclinedPRS/PR_1254"
  },
  {
    "name": "PR_1255",
    "type": "dir",
    "path": "extensions/NoCreatorAttached/TurboWarp/DeclinedPRS/PR_1255"
  },
  {
    "name": "PR_1256",
    "type": "dir",
    "path": "extensions/NoCreatorAttached/TurboWarp/DeclinedPRS/PR_1256"
  },
  {
    "name": "PR_1267",
    "type": "dir",
    "path": "extensions/NoCreatorAttached/TurboWarp/DeclinedPRS/PR_1267"
  },
  {
    "name": "PR_1269",
    "type": "dir",
    "path": "extensions/NoCreatorAttached/TurboWarp/DeclinedPRS/PR_1269"
  },
  {
    "name": "PR_1272",
    "type": "dir",
    "path": "extensions/NoCreatorAttached/TurboWarp/DeclinedPRS/PR_1272"
  },
  {
    "name": "PR_1273",
    "type": "dir",
    "path": "extensions/NoCreatorAttached/TurboWarp/DeclinedPRS/PR_1273"
  },
  {
    "name": "PR_1274",
    "type": "dir",
    "path": "extensions/NoCreatorAttached/TurboWarp/DeclinedPRS/PR_1274"
  },
  {
    "name": "PR_1275",
    "type": "dir",
    "path": "extensions/NoCreatorAttached/TurboWarp/DeclinedPRS/PR_1275"
  },
  {
    "name": "PR_1276",
    "type": "dir",
    "path": "extensions/NoCreatorAttached/TurboWarp/DeclinedPRS/PR_1276"
  },
  {
    "name": "PR_1277",
    "type": "dir",
    "path": "extensions/NoCreatorAttached/TurboWarp/DeclinedPRS/PR_1277"
  },
  {
    "name": "PR_1278",
    "type": "dir",
    "path": "extensions/NoCreatorAttached/TurboWarp/DeclinedPRS/PR_1278"
  },
  {
    "name": "PR_1281",
    "type": "dir",
    "path": "extensions/NoCreatorAttached/TurboWarp/DeclinedPRS/PR_1281"
  },
  {
    "name": "PR_1289",
    "type": "dir",
    "path": "extensions/NoCreatorAttached/TurboWarp/DeclinedPRS/PR_1289"
  },
  {
    "name": "PR_1298",
    "type": "dir",
    "path": "extensions/NoCreatorAttached/TurboWarp/DeclinedPRS/PR_1298"
  },
  {
    "name": "PR_1299",
    "type": "dir",
    "path": "extensions/NoCreatorAttached/TurboWarp/DeclinedPRS/PR_1299"
  },
  {
    "name": "PR_1300",
    "type": "dir",
    "path": "extensions/NoCreatorAttached/TurboWarp/DeclinedPRS/PR_1300"
  },
  {
    "name": "PR_1301",
    "type": "dir",
    "path": "extensions/NoCreatorAttached/TurboWarp/DeclinedPRS/PR_1301"
  },
  {
    "name": "PR_1302",
    "type": "dir",
    "path": "extensions/NoCreatorAttached/TurboWarp/DeclinedPRS/PR_1302"
  },
  {
    "name": "PR_1308",
    "type": "dir",
    "path": "extensions/NoCreatorAttached/TurboWarp/DeclinedPRS/PR_1308"
  },
  {
    "name": "PR_1324",
    "type": "dir",
    "path": "extensions/NoCreatorAttached/TurboWarp/DeclinedPRS/PR_1324"
  },
  {
    "name": "PR_1335",
    "type": "dir",
    "path": "extensions/NoCreatorAttached/TurboWarp/DeclinedPRS/PR_1335"
  },
  {
    "name": "PR_1339",
    "type": "dir",
    "path": "extensions/NoCreatorAttached/TurboWarp/DeclinedPRS/PR_1339"
  },
  {
    "name": "PR_1340",
    "type": "dir",
    "path": "extensions/NoCreatorAttached/TurboWarp/DeclinedPRS/PR_1340"
  },
  {
    "name": "PR_1341",
    "type": "dir",
    "path": "extensions/NoCreatorAttached/TurboWarp/DeclinedPRS/PR_1341"
  },
  {
    "name": "PR_1343",
    "type": "dir",
    "path": "extensions/NoCreatorAttached/TurboWarp/DeclinedPRS/PR_1343"
  },
  {
    "name": "PR_1354",
    "type": "dir",
    "path": "extensions/NoCreatorAttached/TurboWarp/DeclinedPRS/PR_1354"
  },
  {
    "name": "PR_1357",
    "type": "dir",
    "path": "extensions/NoCreatorAttached/TurboWarp/DeclinedPRS/PR_1357"
  },
  {
    "name": "PR_1359",
    "type": "dir",
    "path": "extensions/NoCreatorAttached/TurboWarp/DeclinedPRS/PR_1359"
  },
  {
    "name": "PR_1360",
    "type": "dir",
    "path": "extensions/NoCreatorAttached/TurboWarp/DeclinedPRS/PR_1360"
  },
  {
    "name": "PR_1363",
    "type": "dir",
    "path": "extensions/NoCreatorAttached/TurboWarp/DeclinedPRS/PR_1363"
  },
  {
    "name": "PR_1373",
    "type": "dir",
    "path": "extensions/NoCreatorAttached/TurboWarp/DeclinedPRS/PR_1373"
  },
  {
    "name": "PR_1374",
    "type": "dir",
    "path": "extensions/NoCreatorAttached/TurboWarp/DeclinedPRS/PR_1374"
  },
  {
    "name": "PR_1375",
    "type": "dir",
    "path": "extensions/NoCreatorAttached/TurboWarp/DeclinedPRS/PR_1375"
  },
  {
    "name": "PR_1378",
    "type": "dir",
    "path": "extensions/NoCreatorAttached/TurboWarp/DeclinedPRS/PR_1378"
  },
  {
    "name": "PR_1391",
    "type": "dir",
    "path": "extensions/NoCreatorAttached/TurboWarp/DeclinedPRS/PR_1391"
  },
  {
    "name": "PR_1396",
    "type": "dir",
    "path": "extensions/NoCreatorAttached/TurboWarp/DeclinedPRS/PR_1396"
  },
  {
    "name": "PR_1400",
    "type": "dir",
    "path": "extensions/NoCreatorAttached/TurboWarp/DeclinedPRS/PR_1400"
  },
  {
    "name": "PR_1402",
    "type": "dir",
    "path": "extensions/NoCreatorAttached/TurboWarp/DeclinedPRS/PR_1402"
  },
  {
    "name": "PR_1404",
    "type": "dir",
    "path": "extensions/NoCreatorAttached/TurboWarp/DeclinedPRS/PR_1404"
  },
  {
    "name": "PR_1408",
    "type": "dir",
    "path": "extensions/NoCreatorAttached/TurboWarp/DeclinedPRS/PR_1408"
  },
  {
    "name": "PR_1411",
    "type": "dir",
    "path": "extensions/NoCreatorAttached/TurboWarp/DeclinedPRS/PR_1411"
  },
  {
    "name": "PR_1413",
    "type": "dir",
    "path": "extensions/NoCreatorAttached/TurboWarp/DeclinedPRS/PR_1413"
  },
  {
    "name": "PR_1418",
    "type": "dir",
    "path": "extensions/NoCreatorAttached/TurboWarp/DeclinedPRS/PR_1418"
  },
  {
    "name": "PR_142",
    "type": "dir",
    "path": "extensions/NoCreatorAttached/TurboWarp/DeclinedPRS/PR_142"
  },
  {
    "name": "PR_1424",
    "type": "dir",
    "path": "extensions/NoCreatorAttached/TurboWarp/DeclinedPRS/PR_1424"
  },
  {
    "name": "PR_143",
    "type": "dir",
    "path": "extensions/NoCreatorAttached/TurboWarp/DeclinedPRS/PR_143"
  },
  {
    "name": "PR_1432",
    "type": "dir",
    "path": "extensions/NoCreatorAttached/TurboWarp/DeclinedPRS/PR_1432"
  },
  {
    "name": "PR_1439",
    "type": "dir",
    "path": "extensions/NoCreatorAttached/TurboWarp/DeclinedPRS/PR_1439"
  },
  {
    "name": "PR_1475",
    "type": "dir",
    "path": "extensions/NoCreatorAttached/TurboWarp/DeclinedPRS/PR_1475"
  },
  {
    "name": "PR_1487",
    "type": "dir",
    "path": "extensions/NoCreatorAttached/TurboWarp/DeclinedPRS/PR_1487"
  },
  {
    "name": "PR_1489",
    "type": "dir",
    "path": "extensions/NoCreatorAttached/TurboWarp/DeclinedPRS/PR_1489"
  },
  {
    "name": "PR_1492",
    "type": "dir",
    "path": "extensions/NoCreatorAttached/TurboWarp/DeclinedPRS/PR_1492"
  },
  {
    "name": "PR_1503",
    "type": "dir",
    "path": "extensions/NoCreatorAttached/TurboWarp/DeclinedPRS/PR_1503"
  },
  {
    "name": "PR_1515",
    "type": "dir",
    "path": "extensions/NoCreatorAttached/TurboWarp/DeclinedPRS/PR_1515"
  },
  {
    "name": "PR_1523",
    "type": "dir",
    "path": "extensions/NoCreatorAttached/TurboWarp/DeclinedPRS/PR_1523"
  },
  {
    "name": "PR_1527",
    "type": "dir",
    "path": "extensions/NoCreatorAttached/TurboWarp/DeclinedPRS/PR_1527"
  },
  {
    "name": "PR_1528",
    "type": "dir",
    "path": "extensions/NoCreatorAttached/TurboWarp/DeclinedPRS/PR_1528"
  },
  {
    "name": "PR_153",
    "type": "dir",
    "path": "extensions/NoCreatorAttached/TurboWarp/DeclinedPRS/PR_153"
  },
  {
    "name": "PR_1531",
    "type": "dir",
    "path": "extensions/NoCreatorAttached/TurboWarp/DeclinedPRS/PR_1531"
  },
  {
    "name": "PR_1546",
    "type": "dir",
    "path": "extensions/NoCreatorAttached/TurboWarp/DeclinedPRS/PR_1546"
  },
  {
    "name": "PR_1554",
    "type": "dir",
    "path": "extensions/NoCreatorAttached/TurboWarp/DeclinedPRS/PR_1554"
  },
  {
    "name": "PR_1555",
    "type": "dir",
    "path": "extensions/NoCreatorAttached/TurboWarp/DeclinedPRS/PR_1555"
  },
  {
    "name": "PR_1556",
    "type": "dir",
    "path": "extensions/NoCreatorAttached/TurboWarp/DeclinedPRS/PR_1556"
  },
  {
    "name": "PR_1557",
    "type": "dir",
    "path": "extensions/NoCreatorAttached/TurboWarp/DeclinedPRS/PR_1557"
  },
  {
    "name": "PR_1562",
    "type": "dir",
    "path": "extensions/NoCreatorAttached/TurboWarp/DeclinedPRS/PR_1562"
  },
  {
    "name": "PR_1568",
    "type": "dir",
    "path": "extensions/NoCreatorAttached/TurboWarp/DeclinedPRS/PR_1568"
  },
  {
    "name": "PR_1571",
    "type": "dir",
    "path": "extensions/NoCreatorAttached/TurboWarp/DeclinedPRS/PR_1571"
  },
  {
    "name": "PR_1576",
    "type": "dir",
    "path": "extensions/NoCreatorAttached/TurboWarp/DeclinedPRS/PR_1576"
  },
  {
    "name": "PR_1583",
    "type": "dir",
    "path": "extensions/NoCreatorAttached/TurboWarp/DeclinedPRS/PR_1583"
  },
  {
    "name": "PR_1584",
    "type": "dir",
    "path": "extensions/NoCreatorAttached/TurboWarp/DeclinedPRS/PR_1584"
  },
  {
    "name": "PR_1586",
    "type": "dir",
    "path": "extensions/NoCreatorAttached/TurboWarp/DeclinedPRS/PR_1586"
  },
  {
    "name": "PR_1590",
    "type": "dir",
    "path": "extensions/NoCreatorAttached/TurboWarp/DeclinedPRS/PR_1590"
  },
  {
    "name": "PR_1594",
    "type": "dir",
    "path": "extensions/NoCreatorAttached/TurboWarp/DeclinedPRS/PR_1594"
  },
  {
    "name": "PR_1608",
    "type": "dir",
    "path": "extensions/NoCreatorAttached/TurboWarp/DeclinedPRS/PR_1608"
  },
  {
    "name": "PR_1613",
    "type": "dir",
    "path": "extensions/NoCreatorAttached/TurboWarp/DeclinedPRS/PR_1613"
  },
  {
    "name": "PR_1617",
    "type": "dir",
    "path": "extensions/NoCreatorAttached/TurboWarp/DeclinedPRS/PR_1617"
  },
  {
    "name": "PR_1625",
    "type": "dir",
    "path": "extensions/NoCreatorAttached/TurboWarp/DeclinedPRS/PR_1625"
  },
  {
    "name": "PR_1634",
    "type": "dir",
    "path": "extensions/NoCreatorAttached/TurboWarp/DeclinedPRS/PR_1634"
  },
  {
    "name": "PR_1635",
    "type": "dir",
    "path": "extensions/NoCreatorAttached/TurboWarp/DeclinedPRS/PR_1635"
  },
  {
    "name": "PR_1636",
    "type": "dir",
    "path": "extensions/NoCreatorAttached/TurboWarp/DeclinedPRS/PR_1636"
  },
  {
    "name": "PR_1637",
    "type": "dir",
    "path": "extensions/NoCreatorAttached/TurboWarp/DeclinedPRS/PR_1637"
  },
  {
    "name": "PR_1640",
    "type": "dir",
    "path": "extensions/NoCreatorAttached/TurboWarp/DeclinedPRS/PR_1640"
  },
  {
    "name": "PR_1648",
    "type": "dir",
    "path": "extensions/NoCreatorAttached/TurboWarp/DeclinedPRS/PR_1648"
  },
  {
    "name": "PR_1651",
    "type": "dir",
    "path": "extensions/NoCreatorAttached/TurboWarp/DeclinedPRS/PR_1651"
  },
  {
    "name": "PR_1664",
    "type": "dir",
    "path": "extensions/NoCreatorAttached/TurboWarp/DeclinedPRS/PR_1664"
  },
  {
    "name": "PR_1691",
    "type": "dir",
    "path": "extensions/NoCreatorAttached/TurboWarp/DeclinedPRS/PR_1691"
  },
  {
    "name": "PR_1694",
    "type": "dir",
    "path": "extensions/NoCreatorAttached/TurboWarp/DeclinedPRS/PR_1694"
  },
  {
    "name": "PR_1698",
    "type": "dir",
    "path": "extensions/NoCreatorAttached/TurboWarp/DeclinedPRS/PR_1698"
  },
  {
    "name": "PR_1699",
    "type": "dir",
    "path": "extensions/NoCreatorAttached/TurboWarp/DeclinedPRS/PR_1699"
  },
  {
    "name": "PR_1702",
    "type": "dir",
    "path": "extensions/NoCreatorAttached/TurboWarp/DeclinedPRS/PR_1702"
  },
  {
    "name": "PR_1715",
    "type": "dir",
    "path": "extensions/NoCreatorAttached/TurboWarp/DeclinedPRS/PR_1715"
  },
  {
    "name": "PR_1717",
    "type": "dir",
    "path": "extensions/NoCreatorAttached/TurboWarp/DeclinedPRS/PR_1717"
  },
  {
    "name": "PR_1724",
    "type": "dir",
    "path": "extensions/NoCreatorAttached/TurboWarp/DeclinedPRS/PR_1724"
  },
  {
    "name": "PR_1725",
    "type": "dir",
    "path": "extensions/NoCreatorAttached/TurboWarp/DeclinedPRS/PR_1725"
  },
  {
    "name": "PR_1732",
    "type": "dir",
    "path": "extensions/NoCreatorAttached/TurboWarp/DeclinedPRS/PR_1732"
  },
  {
    "name": "PR_1736",
    "type": "dir",
    "path": "extensions/NoCreatorAttached/TurboWarp/DeclinedPRS/PR_1736"
  },
  {
    "name": "PR_1737",
    "type": "dir",
    "path": "extensions/NoCreatorAttached/TurboWarp/DeclinedPRS/PR_1737"
  },
  {
    "name": "PR_1746",
    "type": "dir",
    "path": "extensions/NoCreatorAttached/TurboWarp/DeclinedPRS/PR_1746"
  },
  {
    "name": "PR_1747",
    "type": "dir",
    "path": "extensions/NoCreatorAttached/TurboWarp/DeclinedPRS/PR_1747"
  },
  {
    "name": "PR_1748",
    "type": "dir",
    "path": "extensions/NoCreatorAttached/TurboWarp/DeclinedPRS/PR_1748"
  },
  {
    "name": "PR_1749",
    "type": "dir",
    "path": "extensions/NoCreatorAttached/TurboWarp/DeclinedPRS/PR_1749"
  },
  {
    "name": "PR_1752",
    "type": "dir",
    "path": "extensions/NoCreatorAttached/TurboWarp/DeclinedPRS/PR_1752"
  },
  {
    "name": "PR_1757",
    "type": "dir",
    "path": "extensions/NoCreatorAttached/TurboWarp/DeclinedPRS/PR_1757"
  },
  {
    "name": "PR_1762",
    "type": "dir",
    "path": "extensions/NoCreatorAttached/TurboWarp/DeclinedPRS/PR_1762"
  },
  {
    "name": "PR_1769",
    "type": "dir",
    "path": "extensions/NoCreatorAttached/TurboWarp/DeclinedPRS/PR_1769"
  },
  {
    "name": "PR_1777",
    "type": "dir",
    "path": "extensions/NoCreatorAttached/TurboWarp/DeclinedPRS/PR_1777"
  },
  {
    "name": "PR_1813",
    "type": "dir",
    "path": "extensions/NoCreatorAttached/TurboWarp/DeclinedPRS/PR_1813"
  },
  {
    "name": "PR_1815",
    "type": "dir",
    "path": "extensions/NoCreatorAttached/TurboWarp/DeclinedPRS/PR_1815"
  },
  {
    "name": "PR_1828",
    "type": "dir",
    "path": "extensions/NoCreatorAttached/TurboWarp/DeclinedPRS/PR_1828"
  },
  {
    "name": "PR_1832",
    "type": "dir",
    "path": "extensions/NoCreatorAttached/TurboWarp/DeclinedPRS/PR_1832"
  },
  {
    "name": "PR_1835",
    "type": "dir",
    "path": "extensions/NoCreatorAttached/TurboWarp/DeclinedPRS/PR_1835"
  },
  {
    "name": "PR_1836",
    "type": "dir",
    "path": "extensions/NoCreatorAttached/TurboWarp/DeclinedPRS/PR_1836"
  },
  {
    "name": "PR_1837",
    "type": "dir",
    "path": "extensions/NoCreatorAttached/TurboWarp/DeclinedPRS/PR_1837"
  },
  {
    "name": "PR_1838",
    "type": "dir",
    "path": "extensions/NoCreatorAttached/TurboWarp/DeclinedPRS/PR_1838"
  },
  {
    "name": "PR_1843",
    "type": "dir",
    "path": "extensions/NoCreatorAttached/TurboWarp/DeclinedPRS/PR_1843"
  },
  {
    "name": "PR_1844",
    "type": "dir",
    "path": "extensions/NoCreatorAttached/TurboWarp/DeclinedPRS/PR_1844"
  },
  {
    "name": "PR_1861",
    "type": "dir",
    "path": "extensions/NoCreatorAttached/TurboWarp/DeclinedPRS/PR_1861"
  },
  {
    "name": "PR_1869",
    "type": "dir",
    "path": "extensions/NoCreatorAttached/TurboWarp/DeclinedPRS/PR_1869"
  },
  {
    "name": "PR_1873",
    "type": "dir",
    "path": "extensions/NoCreatorAttached/TurboWarp/DeclinedPRS/PR_1873"
  },
  {
    "name": "PR_1875",
    "type": "dir",
    "path": "extensions/NoCreatorAttached/TurboWarp/DeclinedPRS/PR_1875"
  },
  {
    "name": "PR_1876",
    "type": "dir",
    "path": "extensions/NoCreatorAttached/TurboWarp/DeclinedPRS/PR_1876"
  },
  {
    "name": "PR_1879",
    "type": "dir",
    "path": "extensions/NoCreatorAttached/TurboWarp/DeclinedPRS/PR_1879"
  },
  {
    "name": "PR_1889",
    "type": "dir",
    "path": "extensions/NoCreatorAttached/TurboWarp/DeclinedPRS/PR_1889"
  },
  {
    "name": "PR_1897",
    "type": "dir",
    "path": "extensions/NoCreatorAttached/TurboWarp/DeclinedPRS/PR_1897"
  },
  {
    "name": "PR_1906",
    "type": "dir",
    "path": "extensions/NoCreatorAttached/TurboWarp/DeclinedPRS/PR_1906"
  },
  {
    "name": "PR_1920",
    "type": "dir",
    "path": "extensions/NoCreatorAttached/TurboWarp/DeclinedPRS/PR_1920"
  },
  {
    "name": "PR_1923",
    "type": "dir",
    "path": "extensions/NoCreatorAttached/TurboWarp/DeclinedPRS/PR_1923"
  },
  {
    "name": "PR_1925",
    "type": "dir",
    "path": "extensions/NoCreatorAttached/TurboWarp/DeclinedPRS/PR_1925"
  },
  {
    "name": "PR_1935",
    "type": "dir",
    "path": "extensions/NoCreatorAttached/TurboWarp/DeclinedPRS/PR_1935"
  },
  {
    "name": "PR_1940",
    "type": "dir",
    "path": "extensions/NoCreatorAttached/TurboWarp/DeclinedPRS/PR_1940"
  },
  {
    "name": "PR_1941",
    "type": "dir",
    "path": "extensions/NoCreatorAttached/TurboWarp/DeclinedPRS/PR_1941"
  },
  {
    "name": "PR_1943",
    "type": "dir",
    "path": "extensions/NoCreatorAttached/TurboWarp/DeclinedPRS/PR_1943"
  },
  {
    "name": "PR_1949",
    "type": "dir",
    "path": "extensions/NoCreatorAttached/TurboWarp/DeclinedPRS/PR_1949"
  },
  {
    "name": "PR_1950",
    "type": "dir",
    "path": "extensions/NoCreatorAttached/TurboWarp/DeclinedPRS/PR_1950"
  },
  {
    "name": "PR_1951",
    "type": "dir",
    "path": "extensions/NoCreatorAttached/TurboWarp/DeclinedPRS/PR_1951"
  },
  {
    "name": "PR_1952",
    "type": "dir",
    "path": "extensions/NoCreatorAttached/TurboWarp/DeclinedPRS/PR_1952"
  },
  {
    "name": "PR_1953",
    "type": "dir",
    "path": "extensions/NoCreatorAttached/TurboWarp/DeclinedPRS/PR_1953"
  },
  {
    "name": "PR_1954",
    "type": "dir",
    "path": "extensions/NoCreatorAttached/TurboWarp/DeclinedPRS/PR_1954"
  },
  {
    "name": "PR_1955",
    "type": "dir",
    "path": "extensions/NoCreatorAttached/TurboWarp/DeclinedPRS/PR_1955"
  },
  {
    "name": "PR_1956",
    "type": "dir",
    "path": "extensions/NoCreatorAttached/TurboWarp/DeclinedPRS/PR_1956"
  },
  {
    "name": "PR_1970",
    "type": "dir",
    "path": "extensions/NoCreatorAttached/TurboWarp/DeclinedPRS/PR_1970"
  },
  {
    "name": "PR_1972",
    "type": "dir",
    "path": "extensions/NoCreatorAttached/TurboWarp/DeclinedPRS/PR_1972"
  },
  {
    "name": "PR_1973",
    "type": "dir",
    "path": "extensions/NoCreatorAttached/TurboWarp/DeclinedPRS/PR_1973"
  },
  {
    "name": "PR_1974",
    "type": "dir",
    "path": "extensions/NoCreatorAttached/TurboWarp/DeclinedPRS/PR_1974"
  },
  {
    "name": "PR_1988",
    "type": "dir",
    "path": "extensions/NoCreatorAttached/TurboWarp/DeclinedPRS/PR_1988"
  },
  {
    "name": "PR_1989",
    "type": "dir",
    "path": "extensions/NoCreatorAttached/TurboWarp/DeclinedPRS/PR_1989"
  },
  {
    "name": "PR_1991",
    "type": "dir",
    "path": "extensions/NoCreatorAttached/TurboWarp/DeclinedPRS/PR_1991"
  },
  {
    "name": "PR_1999",
    "type": "dir",
    "path": "extensions/NoCreatorAttached/TurboWarp/DeclinedPRS/PR_1999"
  },
  {
    "name": "PR_2005",
    "type": "dir",
    "path": "extensions/NoCreatorAttached/TurboWarp/DeclinedPRS/PR_2005"
  },
  {
    "name": "PR_2012",
    "type": "dir",
    "path": "extensions/NoCreatorAttached/TurboWarp/DeclinedPRS/PR_2012"
  },
  {
    "name": "PR_2017",
    "type": "dir",
    "path": "extensions/NoCreatorAttached/TurboWarp/DeclinedPRS/PR_2017"
  },
  {
    "name": "PR_2022",
    "type": "dir",
    "path": "extensions/NoCreatorAttached/TurboWarp/DeclinedPRS/PR_2022"
  },
  {
    "name": "PR_2030",
    "type": "dir",
    "path": "extensions/NoCreatorAttached/TurboWarp/DeclinedPRS/PR_2030"
  },
  {
    "name": "PR_2032",
    "type": "dir",
    "path": "extensions/NoCreatorAttached/TurboWarp/DeclinedPRS/PR_2032"
  },
  {
    "name": "PR_311",
    "type": "dir",
    "path": "extensions/NoCreatorAttached/TurboWarp/DeclinedPRS/PR_311"
  },
  {
    "name": "PR_314",
    "type": "dir",
    "path": "extensions/NoCreatorAttached/TurboWarp/DeclinedPRS/PR_314"
  },
  {
    "name": "PR_315",
    "type": "dir",
    "path": "extensions/NoCreatorAttached/TurboWarp/DeclinedPRS/PR_315"
  },
  {
    "name": "PR_344",
    "type": "dir",
    "path": "extensions/NoCreatorAttached/TurboWarp/DeclinedPRS/PR_344"
  },
  {
    "name": "PR_353",
    "type": "dir",
    "path": "extensions/NoCreatorAttached/TurboWarp/DeclinedPRS/PR_353"
  },
  {
    "name": "PR_355",
    "type": "dir",
    "path": "extensions/NoCreatorAttached/TurboWarp/DeclinedPRS/PR_355"
  },
  {
    "name": "PR_359",
    "type": "dir",
    "path": "extensions/NoCreatorAttached/TurboWarp/DeclinedPRS/PR_359"
  },
  {
    "name": "PR_361",
    "type": "dir",
    "path": "extensions/NoCreatorAttached/TurboWarp/DeclinedPRS/PR_361"
  },
  {
    "name": "PR_373",
    "type": "dir",
    "path": "extensions/NoCreatorAttached/TurboWarp/DeclinedPRS/PR_373"
  },
  {
    "name": "PR_408",
    "type": "dir",
    "path": "extensions/NoCreatorAttached/TurboWarp/DeclinedPRS/PR_408"
  },
  {
    "name": "PR_418",
    "type": "dir",
    "path": "extensions/NoCreatorAttached/TurboWarp/DeclinedPRS/PR_418"
  },
  {
    "name": "PR_448",
    "type": "dir",
    "path": "extensions/NoCreatorAttached/TurboWarp/DeclinedPRS/PR_448"
  },
  {
    "name": "PR_474",
    "type": "dir",
    "path": "extensions/NoCreatorAttached/TurboWarp/DeclinedPRS/PR_474"
  },
  {
    "name": "PR_480",
    "type": "dir",
    "path": "extensions/NoCreatorAttached/TurboWarp/DeclinedPRS/PR_480"
  },
  {
    "name": "PR_490",
    "type": "dir",
    "path": "extensions/NoCreatorAttached/TurboWarp/DeclinedPRS/PR_490"
  },
  {
    "name": "PR_497",
    "type": "dir",
    "path": "extensions/NoCreatorAttached/TurboWarp/DeclinedPRS/PR_497"
  },
  {
    "name": "PR_521",
    "type": "dir",
    "path": "extensions/NoCreatorAttached/TurboWarp/DeclinedPRS/PR_521"
  },
  {
    "name": "PR_523",
    "type": "dir",
    "path": "extensions/NoCreatorAttached/TurboWarp/DeclinedPRS/PR_523"
  },
  {
    "name": "PR_526",
    "type": "dir",
    "path": "extensions/NoCreatorAttached/TurboWarp/DeclinedPRS/PR_526"
  },
  {
    "name": "PR_544",
    "type": "dir",
    "path": "extensions/NoCreatorAttached/TurboWarp/DeclinedPRS/PR_544"
  },
  {
    "name": "PR_548",
    "type": "dir",
    "path": "extensions/NoCreatorAttached/TurboWarp/DeclinedPRS/PR_548"
  },
  {
    "name": "PR_552",
    "type": "dir",
    "path": "extensions/NoCreatorAttached/TurboWarp/DeclinedPRS/PR_552"
  },
  {
    "name": "PR_553",
    "type": "dir",
    "path": "extensions/NoCreatorAttached/TurboWarp/DeclinedPRS/PR_553"
  },
  {
    "name": "PR_565",
    "type": "dir",
    "path": "extensions/NoCreatorAttached/TurboWarp/DeclinedPRS/PR_565"
  },
  {
    "name": "PR_570",
    "type": "dir",
    "path": "extensions/NoCreatorAttached/TurboWarp/DeclinedPRS/PR_570"
  },
  {
    "name": "PR_587",
    "type": "dir",
    "path": "extensions/NoCreatorAttached/TurboWarp/DeclinedPRS/PR_587"
  },
  {
    "name": "PR_59",
    "type": "dir",
    "path": "extensions/NoCreatorAttached/TurboWarp/DeclinedPRS/PR_59"
  },
  {
    "name": "PR_614",
    "type": "dir",
    "path": "extensions/NoCreatorAttached/TurboWarp/DeclinedPRS/PR_614"
  },
  {
    "name": "PR_632",
    "type": "dir",
    "path": "extensions/NoCreatorAttached/TurboWarp/DeclinedPRS/PR_632"
  },
  {
    "name": "PR_633",
    "type": "dir",
    "path": "extensions/NoCreatorAttached/TurboWarp/DeclinedPRS/PR_633"
  },
  {
    "name": "PR_641",
    "type": "dir",
    "path": "extensions/NoCreatorAttached/TurboWarp/DeclinedPRS/PR_641"
  },
  {
    "name": "PR_645",
    "type": "dir",
    "path": "extensions/NoCreatorAttached/TurboWarp/DeclinedPRS/PR_645"
  },
  {
    "name": "PR_648",
    "type": "dir",
    "path": "extensions/NoCreatorAttached/TurboWarp/DeclinedPRS/PR_648"
  },
  {
    "name": "PR_649",
    "type": "dir",
    "path": "extensions/NoCreatorAttached/TurboWarp/DeclinedPRS/PR_649"
  },
  {
    "name": "PR_651",
    "type": "dir",
    "path": "extensions/NoCreatorAttached/TurboWarp/DeclinedPRS/PR_651"
  },
  {
    "name": "PR_658",
    "type": "dir",
    "path": "extensions/NoCreatorAttached/TurboWarp/DeclinedPRS/PR_658"
  },
  {
    "name": "PR_660",
    "type": "dir",
    "path": "extensions/NoCreatorAttached/TurboWarp/DeclinedPRS/PR_660"
  },
  {
    "name": "PR_662",
    "type": "dir",
    "path": "extensions/NoCreatorAttached/TurboWarp/DeclinedPRS/PR_662"
  },
  {
    "name": "PR_665",
    "type": "dir",
    "path": "extensions/NoCreatorAttached/TurboWarp/DeclinedPRS/PR_665"
  },
  {
    "name": "PR_669",
    "type": "dir",
    "path": "extensions/NoCreatorAttached/TurboWarp/DeclinedPRS/PR_669"
  },
  {
    "name": "PR_67",
    "type": "dir",
    "path": "extensions/NoCreatorAttached/TurboWarp/DeclinedPRS/PR_67"
  },
  {
    "name": "PR_676",
    "type": "dir",
    "path": "extensions/NoCreatorAttached/TurboWarp/DeclinedPRS/PR_676"
  },
  {
    "name": "PR_681",
    "type": "dir",
    "path": "extensions/NoCreatorAttached/TurboWarp/DeclinedPRS/PR_681"
  },
  {
    "name": "PR_683",
    "type": "dir",
    "path": "extensions/NoCreatorAttached/TurboWarp/DeclinedPRS/PR_683"
  },
  {
    "name": "PR_685",
    "type": "dir",
    "path": "extensions/NoCreatorAttached/TurboWarp/DeclinedPRS/PR_685"
  },
  {
    "name": "PR_695",
    "type": "dir",
    "path": "extensions/NoCreatorAttached/TurboWarp/DeclinedPRS/PR_695"
  },
  {
    "name": "PR_696",
    "type": "dir",
    "path": "extensions/NoCreatorAttached/TurboWarp/DeclinedPRS/PR_696"
  },
  {
    "name": "PR_697",
    "type": "dir",
    "path": "extensions/NoCreatorAttached/TurboWarp/DeclinedPRS/PR_697"
  },
  {
    "name": "PR_699",
    "type": "dir",
    "path": "extensions/NoCreatorAttached/TurboWarp/DeclinedPRS/PR_699"
  },
  {
    "name": "PR_706",
    "type": "dir",
    "path": "extensions/NoCreatorAttached/TurboWarp/DeclinedPRS/PR_706"
  },
  {
    "name": "PR_710",
    "type": "dir",
    "path": "extensions/NoCreatorAttached/TurboWarp/DeclinedPRS/PR_710"
  },
  {
    "name": "PR_716",
    "type": "dir",
    "path": "extensions/NoCreatorAttached/TurboWarp/DeclinedPRS/PR_716"
  },
  {
    "name": "PR_721",
    "type": "dir",
    "path": "extensions/NoCreatorAttached/TurboWarp/DeclinedPRS/PR_721"
  },
  {
    "name": "PR_725",
    "type": "dir",
    "path": "extensions/NoCreatorAttached/TurboWarp/DeclinedPRS/PR_725"
  },
  {
    "name": "PR_729",
    "type": "dir",
    "path": "extensions/NoCreatorAttached/TurboWarp/DeclinedPRS/PR_729"
  },
  {
    "name": "PR_730",
    "type": "dir",
    "path": "extensions/NoCreatorAttached/TurboWarp/DeclinedPRS/PR_730"
  },
  {
    "name": "PR_735",
    "type": "dir",
    "path": "extensions/NoCreatorAttached/TurboWarp/DeclinedPRS/PR_735"
  },
  {
    "name": "PR_756",
    "type": "dir",
    "path": "extensions/NoCreatorAttached/TurboWarp/DeclinedPRS/PR_756"
  },
  {
    "name": "PR_760",
    "type": "dir",
    "path": "extensions/NoCreatorAttached/TurboWarp/DeclinedPRS/PR_760"
  },
  {
    "name": "PR_770",
    "type": "dir",
    "path": "extensions/NoCreatorAttached/TurboWarp/DeclinedPRS/PR_770"
  },
  {
    "name": "PR_779",
    "type": "dir",
    "path": "extensions/NoCreatorAttached/TurboWarp/DeclinedPRS/PR_779"
  },
  {
    "name": "PR_788",
    "type": "dir",
    "path": "extensions/NoCreatorAttached/TurboWarp/DeclinedPRS/PR_788"
  },
  {
    "name": "PR_790",
    "type": "dir",
    "path": "extensions/NoCreatorAttached/TurboWarp/DeclinedPRS/PR_790"
  },
  {
    "name": "PR_80",
    "type": "dir",
    "path": "extensions/NoCreatorAttached/TurboWarp/DeclinedPRS/PR_80"
  },
  {
    "name": "PR_803",
    "type": "dir",
    "path": "extensions/NoCreatorAttached/TurboWarp/DeclinedPRS/PR_803"
  },
  {
    "name": "PR_818",
    "type": "dir",
    "path": "extensions/NoCreatorAttached/TurboWarp/DeclinedPRS/PR_818"
  },
  {
    "name": "PR_822",
    "type": "dir",
    "path": "extensions/NoCreatorAttached/TurboWarp/DeclinedPRS/PR_822"
  },
  {
    "name": "PR_831",
    "type": "dir",
    "path": "extensions/NoCreatorAttached/TurboWarp/DeclinedPRS/PR_831"
  },
  {
    "name": "PR_832",
    "type": "dir",
    "path": "extensions/NoCreatorAttached/TurboWarp/DeclinedPRS/PR_832"
  },
  {
    "name": "PR_833",
    "type": "dir",
    "path": "extensions/NoCreatorAttached/TurboWarp/DeclinedPRS/PR_833"
  },
  {
    "name": "PR_834",
    "type": "dir",
    "path": "extensions/NoCreatorAttached/TurboWarp/DeclinedPRS/PR_834"
  },
  {
    "name": "PR_838",
    "type": "dir",
    "path": "extensions/NoCreatorAttached/TurboWarp/DeclinedPRS/PR_838"
  },
  {
    "name": "PR_841",
    "type": "dir",
    "path": "extensions/NoCreatorAttached/TurboWarp/DeclinedPRS/PR_841"
  },
  {
    "name": "PR_868",
    "type": "dir",
    "path": "extensions/NoCreatorAttached/TurboWarp/DeclinedPRS/PR_868"
  },
  {
    "name": "PR_870",
    "type": "dir",
    "path": "extensions/NoCreatorAttached/TurboWarp/DeclinedPRS/PR_870"
  },
  {
    "name": "PR_871",
    "type": "dir",
    "path": "extensions/NoCreatorAttached/TurboWarp/DeclinedPRS/PR_871"
  },
  {
    "name": "PR_876",
    "type": "dir",
    "path": "extensions/NoCreatorAttached/TurboWarp/DeclinedPRS/PR_876"
  },
  {
    "name": "PR_889",
    "type": "dir",
    "path": "extensions/NoCreatorAttached/TurboWarp/DeclinedPRS/PR_889"
  },
  {
    "name": "PR_91",
    "type": "dir",
    "path": "extensions/NoCreatorAttached/TurboWarp/DeclinedPRS/PR_91"
  },
  {
    "name": "PR_917",
    "type": "dir",
    "path": "extensions/NoCreatorAttached/TurboWarp/DeclinedPRS/PR_917"
  },
  {
    "name": "PR_919",
    "type": "dir",
    "path": "extensions/NoCreatorAttached/TurboWarp/DeclinedPRS/PR_919"
  },
  {
    "name": "PR_932",
    "type": "dir",
    "path": "extensions/NoCreatorAttached/TurboWarp/DeclinedPRS/PR_932"
  },
  {
    "name": "PR_939",
    "type": "dir",
    "path": "extensions/NoCreatorAttached/TurboWarp/DeclinedPRS/PR_939"
  },
  {
    "name": "PR_951",
    "type": "dir",
    "path": "extensions/NoCreatorAttached/TurboWarp/DeclinedPRS/PR_951"
  },
  {
    "name": "PR_953",
    "type": "dir",
    "path": "extensions/NoCreatorAttached/TurboWarp/DeclinedPRS/PR_953"
  },
  {
    "name": "PR_965",
    "type": "dir",
    "path": "extensions/NoCreatorAttached/TurboWarp/DeclinedPRS/PR_965"
  },
  {
    "name": "PR_977",
    "type": "dir",
    "path": "extensions/NoCreatorAttached/TurboWarp/DeclinedPRS/PR_977"
  },
  {
    "name": "PR_991",
    "type": "dir",
    "path": "extensions/NoCreatorAttached/TurboWarp/DeclinedPRS/PR_991"
  },
  {
    "name": "PR_992",
    "type": "dir",
    "path": "extensions/NoCreatorAttached/TurboWarp/DeclinedPRS/PR_992"
  },
  {
    "name": "PR_995",
    "type": "dir",
    "path": "extensions/NoCreatorAttached/TurboWarp/DeclinedPRS/PR_995"
  },
  {
    "name": "PR_998",
    "type": "dir",
    "path": "extensions/NoCreatorAttached/TurboWarp/DeclinedPRS/PR_998"
  }
]