[
  {
    "name": "extensions%2Fcfupload.js",
    "type": "file",
    "path": "extensions/NoCreatorAttached/TurboWarp/DeclinedPRS/PR_1583/extensions%2Fcfupload.js"
  },
  {
    "name": "images%2Fcfupload.svg",
    "type": "file",
    "path": "extensions/NoCreatorAttached/TurboWarp/DeclinedPRS/PR_1583/images%2Fcfupload.svg"
  },
  {
    "name": "samples%2FUpload%20file.sb3",
    "type": "file",
    "path": "extensions/NoCreatorAttached/TurboWarp/DeclinedPRS/PR_1583/samples%2FUpload%20file.sb3"
  }
]