[
  {
    "name": "extensions%2FHatKid%2FCalendarUtils.js",
    "type": "file",
    "path": "extensions/NoCreatorAttached/TurboWarp/DeclinedPRS/PR_1408/extensions%2FHatKid%2FCalendarUtils.js"
  },
  {
    "name": "extensions%2FHatKid%2FQuestionAnswerPopup.js",
    "type": "file",
    "path": "extensions/NoCreatorAttached/TurboWarp/DeclinedPRS/PR_1408/extensions%2FHatKid%2FQuestionAnswerPopup.js"
  },
  {
    "name": "images%2FHatKid%2FCalendarUtils.svg",
    "type": "file",
    "path": "extensions/NoCreatorAttached/TurboWarp/DeclinedPRS/PR_1408/images%2FHatKid%2FCalendarUtils.svg"
  },
  {
    "name": "images%2FHatKid%2FQuestionAnswerPopup.svg",
    "type": "file",
    "path": "extensions/NoCreatorAttached/TurboWarp/DeclinedPRS/PR_1408/images%2FHatKid%2FQuestionAnswerPopup.svg"
  }
]