[
  {
    "name": "extensions%2FArkos%2FmoreDataTypes.js",
    "type": "file",
    "path": "extensions/NoCreatorAttached/TurboWarp/DeclinedPRS/PR_1354/extensions%2FArkos%2FmoreDataTypes.js"
  },
  {
    "name": "images%2FArkos%2FmoreDataTypes.svg",
    "type": "file",
    "path": "extensions/NoCreatorAttached/TurboWarp/DeclinedPRS/PR_1354/images%2FArkos%2FmoreDataTypes.svg"
  },
  {
    "name": "samples%2FAdvanced%20Data%20Structure.sb3",
    "type": "file",
    "path": "extensions/NoCreatorAttached/TurboWarp/DeclinedPRS/PR_1354/samples%2FAdvanced%20Data%20Structure.sb3"
  }
]